department,name
OO部門XXXXXグループ,物 太郎
OO部門XXXXXXXXグループ,田中 龍之介
OO部門aaaXXXX5faXグループ,af aEadfAFAEaddsd
OO部門ZZZZZグループ,鈴木 花子
OO部門BBBBBグループ,山田 太一
OO部門CCCCCCグループ,佐藤 美香
OO部門DDDDDグループ,斎藤 健太
OO部門EEEEEEグループ,中村 みさき
OO部門FFFFFFグループ,高橋 裕太
OO部門GGGGGGグループ,渡辺 あや
OO部門HHHHHHグループ,岡田 大輔
OO部門IIIIIIグループ,村田 さやか
OO部門JJJJJJグループ,小林 勇気
OO部門KKKKKKグループ,林 みゆき
OO部門LLLLLLグループ,西田 賢一
OO部門MMMMMMグループ,吉田 美紀
OO部門NNNNNNグループ,橋本 優一
OO部門OOOOOOグループ,井上 さとみ
OO部門PPPPPPグループ,加藤 勇太
OO部門QQQQQQグループ,高木 美咲
OO部門RRRRRRグループ,町田 裕介
OO部門SSSSSSグループ,野口 まさる
OO部門TTTTTTグループ,小川 ひろみ
OO部門UUUUUUグループ,田村 公平
OO部門VVVVVVグループ,石井 あやか
OO部門WWWWWWグループ,小野寺 裕樹
OO部門XXXXXXグループ,高田 茜
OO部門YYYYYYグループ,石田 直樹
OO部門ZZZZZZグループ,浜田 佳奈
OO部門111111グループ,岩崎 一馬
OO部門222222グループ,松本 由美
OO部門333333グループ,本田 翔太
OO部門444444グループ,横山 真紀
OO部門555555グループ,田口 健一
OO部門666666グループ,石原 あきら
OO部門777777グループ,藤井 裕子
OO部門888888グループ,高野 直人
OO部門999999グループ,梅田 まゆ
OO部門000000グループ,大塚 健二